ddradID,altID,population_number,population_name,Country,Treatment,GPS_N,GPS_E,1Ovi_Egg,1Ovi_Dead,1Ovi_Living,2Ovi_Egg,2Ovi_Dead,2Ovi_Living,Pigmentation,LegLength,1Ovi_LegLength,2Ovi_LegLength,1Ovi_mass,2Ovi_mass
E18-Ik-12-photo_trimmed.sorted,E18-Ikla-12-Photo,39,Ikla,Estonia,Estonia,57.872483,24.35843,0,3,319,NA,NA,NA,0.47,6954.95,,NA,0.2968667,NA
E18-Ik-14-photo_trimmed.sorted,E18-Ikla-14-Photo,39,Ikla,Estonia,Estonia,57.872483,24.35843,0,0,486,NA,NA,NA,0.52,5351.47,562.1373,NA,0.3538667,NA
E18-Ik-18-photo_trimmed.sorted,E18-Ikla-18-Photo,39,Ikla,Estonia,France,57.872483,24.35843,0,1,489,53,31,36,0.36,6201.2,584.8553,NA,0.3368667,NA
E18-Ik-19-photo_trimmed.sorted,E18-Ikla-19-Photo,39,Ikla,Estonia,France,57.872483,24.35843,0,14,139,NA,NA,NA,0.83,6665.53,576.9713,NA,0.2916,NA
E18-Ik-1-photo_trimmed.sorted,E18-Ikla-1-Photo,39,Ikla,Estonia,France,57.872483,24.35843,0,5,193,13,1,108,0.5,6940.97,585.7707,528.52,0.2836,0.28
E18-Ik-2-photo_trimmed.sorted,E18-Ikla-2-Photo,39,Ikla,Estonia,Estonia,57.872483,24.35843,7,0,253,19,2,125,0.64,6117.43,538.8847,604.5087,0.2829333,0.379
E18-Ik-4-photo_trimmed.sorted,E18-Ikla-4-Photo,39,Ikla,Estonia,France,57.872483,24.35843,8,0,477,0,2,164,0.29,6521.28,544.6393,543.2267,0.3116,0.3017333
E18-Ik-5-photo_trimmed.sorted,E18-Ikla-5-Photo,39,Ikla,Estonia,Estonia,57.872483,24.35843,0,3,280,0,12,178,0.48,7208.97,584.5273,538.762,0.3469333,0.3122667
E18-Ik-7-photo_trimmed.sorted,E18-Ikla-7-Photo,39,Ikla,Estonia,France,57.872483,24.35843,0,2,179,NA,NA,NA,0.84,6589.18,597.4473,NA,0.3248667,NA
E18-Ik-8-photo_trimmed.sorted,E18-Ikla-8-Photo,39,Ikla,Estonia,Estonia,57.872483,24.35843,4,8,453,7,3,194,0.14,5659.54,527.1327,557.726,0.2994667,0.357
E18-Pa-12-photo_trimmed.sorted,E18-Paernu-12-Photo,41,Paernu,Estonia,France,58.297016,24.597375,0,4,151,85,8,0,0.33,5305.15,560.362,NA,0.2878,NA
E18-Pa-13-photo_trimmed.sorted,E18-Paernu-13-Photo,41,Paernu,Estonia,Estonia,58.297016,24.597375,0,7,202,0,42,91,0.46,6818.84,477.17,488.4364,0.3055333,0.319
E18-Pa-14-photo_trimmed.sorted,E18-Paernu-14-Photo,41,Paernu,Estonia,France,58.297016,24.597375,0,3,121,60,0,0,0.12,6400.92,614.8653,NA,0.3579333,NA
E18-Pa-15-photo_trimmed.sorted,E18-Paernu-15-Photo,41,Paernu,Estonia,France,58.297016,24.597375,0,0,224,0,7,148,0.34,6096.14,531.4207,534.0433,0.2824,0.2602
E18-Pa-16-photo_trimmed.sorted,E18-Paernu-16-Photo,41,Paernu,Estonia,France,58.297016,24.597375,334,0,0,0,5,100,0.08,5817.01,NA,615.7627,NA,0.377
E18-Pa-1-photo_trimmed.sorted,E18-Paernu-1-Photo,41,Paernu,Estonia,France,58.297016,24.597375,318,0,0,4,0,144,0.46,6686.52,NA,483.87,NA,0.26
E18-Pa-3-photo_trimmed.sorted,E18-Paernu-3-Photo,41,Paernu,Estonia,Estonia,58.297016,24.597375,0,1,243,11,0,161,0.27,7164.59,567.596,574.6707,0.3579333,0.36
E18-Pa-4-photo_trimmed.sorted,E18-Paernu-4-Photo,41,Paernu,Estonia,France,58.297016,24.597375,0,2,449,100,23,0,0.22,6656.66,536.4164,NA,0.2522143,NA
E18-Pa-5-photo_trimmed.sorted,E18-Paernu-5-Photo,41,Paernu,Estonia,France,58.297016,24.597375,20,43,100,74,40,295,0.59,6095.39,539.8867,558.17,0.2543333,0.2923333
E18-Pa-6-photo_trimmed.sorted,E18-Paernu-6-Photo,41,Paernu,Estonia,Estonia,58.297016,24.597375,0,39,421,80,13,62,0.56,6673.98,544.4627,547.696,0.2644667,0.34
E18-PJ-10_trimmed.sorted,E18-Pulgoja-10,40,Pulgoja,Estonia,France,58.10143,24.488325,1,5,338,27,20,53,0.45,6027.43,549.2393,,0.2544667,
E18-PJ-13_trimmed.sorted,E18-Pulgoja-13,40,Pulgoja,Estonia,Estonia,58.10143,24.488325,0,2,147,0,4,69,0.51,2895.96,573.2133,570.8233,0.3508667,0.3405333
E18-PJ-14_trimmed.sorted,E18-Pulgoja-14,40,Pulgoja,Estonia,France,58.10143,24.488325,0,3,93,0,6,114,0.28,4964.43,547.03,512.6807,0.2504667,0.2329333
E18-PJ-16_trimmed.sorted,E18-Pulgoja-16,40,Pulgoja,Estonia,France,58.10143,24.488325,0,0,133,68,9,1,0.5,4213.08,546.594,NA,0.2448667,0.23
E18-PJ-18_trimmed.sorted,E18-Pulgoja-18,40,Pulgoja,Estonia,France,58.10143,24.488325,0,24,190,2,3,132,0.27,5766.8,583.554,577.3553,0.2913333,0.3088
E18-PJ-3_trimmed.sorted,E18-Pulgoja-3,40,Pulgoja,Estonia,Estonia,58.10143,24.488325,108,3,0,NA,NA,NA,0.75,6382.91,NA,NA,NA,NA
E18-PJ-4_trimmed.sorted,E18-Pulgoja-4,40,Pulgoja,Estonia,France,58.10143,24.488325,1,2,261,1,4,142,0.69,6255.81,577.6813,523.812,0.2987333,0.2494
E18-PJ-6_trimmed.sorted,E18-Pulgoja-6,40,Pulgoja,Estonia,France,58.10143,24.488325,0,51,254,1,0,140,0.38,6930.47,555.4507,554.414,0.2990667,0.3227333
E18-PJ-7_trimmed.sorted,E18-Pulgoja-7,40,Pulgoja,Estonia,Estonia,58.10143,24.488325,1,5,115,12,35,24,0.48,2972.6,581.9373,574.57,0.3139333,0.343
E18-PJ-9_trimmed.sorted,E18-Pulgoja-9,40,Pulgoja,Estonia,France,58.10143,24.488325,0,6,164,8,112,7,0.63,6142.07,592.5587,,0.2989333,
FrBuCB01_trimmed.sorted,FrBuCB01,7,Chalon Sur Saone,France,NA,46.73,4.83,NA,NA,NA,NA,NA,NA,NA,NA,NA,NA,NA,NA
FrBuCB03_trimmed.sorted,FrBuCB03,7,Chalon Sur Saone,France,NA,46.73,4.83,NA,NA,NA,NA,NA,NA,NA,NA,NA,NA,NA,NA
FrBuCB04_trimmed.sorted,FrBuCB04,7,Chalon Sur Saone,France,NA,46.73,4.83,NA,NA,NA,NA,NA,NA,NA,NA,NA,NA,NA,NA
FrBuCB05_trimmed.sorted,FrBuCB05,7,Chalon Sur Saone,France,NA,46.73,4.83,NA,NA,NA,NA,NA,NA,NA,NA,NA,NA,NA,NA
FrBuCB06_trimmed.sorted,FrBuCB06,7,Chalon Sur Saone,France,NA,46.73,4.83,NA,NA,NA,NA,NA,NA,NA,NA,NA,NA,NA,NA
FrBuCB07_trimmed.sorted,FrBuCB07,7,Chalon Sur Saone,France,NA,46.73,4.83,NA,NA,NA,NA,NA,NA,NA,NA,NA,NA,NA,NA
FrBuCB08_trimmed.sorted,FrBuCB08,7,Chalon Sur Saone,France,NA,46.73,4.83,NA,NA,NA,NA,NA,NA,NA,NA,NA,NA,NA,NA
FrBuCB09_trimmed.sorted,FrBuCB09,7,Chalon Sur Saone,France,NA,46.73,4.83,NA,NA,NA,NA,NA,NA,NA,NA,NA,NA,NA,NA
FrBuCB12_trimmed.sorted,FrBuCB12,7,Chalon Sur Saone,France,NA,46.73,4.83,NA,NA,NA,NA,NA,NA,NA,NA,NA,NA,NA,NA
FrBuCB13_trimmed.sorted,FrBuCB13,7,Chalon Sur Saone,France,NA,46.73,4.83,NA,NA,NA,NA,NA,NA,NA,NA,NA,NA,NA,NA
FrLrLA01_trimmed.sorted,FrLrLA01,6,Lyon,France,NA,45.48,4.83,NA,NA,NA,NA,NA,NA,NA,NA,NA,NA,NA,NA
FrLrLA03_trimmed.sorted,FrLrLA03,6,Lyon,France,NA,45.48,4.83,NA,NA,NA,NA,NA,NA,NA,NA,NA,NA,NA,NA
FrLrLA04_trimmed.sorted,FrLrLA04,6,Lyon,France,NA,45.48,4.83,NA,NA,NA,NA,NA,NA,NA,NA,NA,NA,NA,NA
FrLrLA05_trimmed.sorted,FrLrLA05,6,Lyon,France,NA,45.48,4.83,NA,NA,NA,NA,NA,NA,NA,NA,NA,NA,NA,NA
FrLrLA06_trimmed.sorted,FrLrLA06,6,Lyon,France,NA,45.48,4.83,NA,NA,NA,NA,NA,NA,NA,NA,NA,NA,NA,NA
FrLrLA09_trimmed.sorted,FrLrLA09,6,Lyon,France,NA,45.48,4.83,NA,NA,NA,NA,NA,NA,NA,NA,NA,NA,NA,NA
FrLrLA10_trimmed.sorted,FrLrLA10,6,Lyon,France,NA,45.48,4.83,NA,NA,NA,NA,NA,NA,NA,NA,NA,NA,NA,NA
FrLrLA12_trimmed.sorted,FrLrLA12,6,Lyon,France,NA,45.48,4.83,NA,NA,NA,NA,NA,NA,NA,NA,NA,NA,NA,NA
FrLrLA13_trimmed.sorted,FrLrLA13,6,Lyon,France,NA,45.48,4.83,NA,NA,NA,NA,NA,NA,NA,NA,NA,NA,NA,NA
FrLrLA15_trimmed.sorted,FrLrLA15,6,Lyon,France,NA,45.48,4.83,NA,NA,NA,NA,NA,NA,NA,NA,NA,NA,NA,NA
FrLrNA01_trimmed.sorted,FrLrNA01,5,Nimes,France,NA,43.78,4.4,NA,NA,NA,NA,NA,NA,NA,NA,NA,NA,NA,NA
FrLrNA03_trimmed.sorted,FrLrNA03,5,Nimes,France,NA,43.78,4.4,NA,NA,NA,NA,NA,NA,NA,NA,NA,NA,NA,NA
FrLrNA04_trimmed.sorted,FrLrNA04,5,Nimes,France,NA,43.78,4.4,NA,NA,NA,NA,NA,NA,NA,NA,NA,NA,NA,NA
FrLrNA05_trimmed.sorted,FrLrNA05,5,Nimes,France,NA,43.78,4.4,NA,NA,NA,NA,NA,NA,NA,NA,NA,NA,NA,NA
FrLrNA07_trimmed.sorted,FrLrNA07,5,Nimes,France,NA,43.78,4.4,NA,NA,NA,NA,NA,NA,NA,NA,NA,NA,NA,NA
FrLrNA08_trimmed.sorted,FrLrNA08,5,Nimes,France,NA,43.78,4.4,NA,NA,NA,NA,NA,NA,NA,NA,NA,NA,NA,NA
FrLrNA09_trimmed.sorted,FrLrNA09,5,Nimes,France,NA,43.78,4.4,NA,NA,NA,NA,NA,NA,NA,NA,NA,NA,NA,NA
FrLrNA10_trimmed.sorted,FrLrNA10,5,Nimes,France,NA,43.78,4.4,NA,NA,NA,NA,NA,NA,NA,NA,NA,NA,NA,NA
FrLrNA11_trimmed.sorted,FrLrNA11,5,Nimes,France,NA,43.78,4.4,NA,NA,NA,NA,NA,NA,NA,NA,NA,NA,NA,NA
FrLrNA14_trimmed.sorted,FrLrNA14,5,Nimes,France,NA,43.78,4.4,NA,NA,NA,NA,NA,NA,NA,NA,NA,NA,NA,NA
G18-AR-1_trimmed.sorted,G18-AR-1,12,AuAmRhein,Germany,NA,48.95041,8.243427,3,0,202,NA,NA,NA,0.43,7099.18,563.69,NA,NA,NA
G18-AR-10_trimmed.sorted,G18-AR-10,12,AuAmRhein,Germany,NA,48.95041,8.243427,32,34,58,14,54,15,0.34,6547.08,514.59,NA,NA,NA
G18-AR-2_trimmed.sorted,G18-AR-2,12,AuAmRhein,Germany,NA,48.95041,8.243427,0,0,171,NA,NA,NA,0.33,6890.37,567.2,NA,NA,NA
G18-AR-3_trimmed.sorted,G18-AR-3,12,AuAmRhein,Germany,NA,48.95041,8.243427,0,4,210,4,14,157,0.25,6178.54,547.07,NA,NA,NA
G18-AR-4_trimmed.sorted,G18-AR-4,12,AuAmRhein,Germany,NA,48.95041,8.243427,0,0,469,3,100,90,0.07,6706.71,515.75,NA,NA,NA
G18-AR-5_trimmed.sorted,G18-AR-5,12,AuAmRhein,Germany,NA,48.95041,8.243427,0,1,326,0,2,79,0.29,5937.52,547.45,NA,NA,NA
G18-AR-6_trimmed.sorted,G18-AR-6,12,AuAmRhein,Germany,NA,48.95041,8.243427,3,0,141,18,2,61,0.3,6786.35,548.43,NA,NA,NA
G18-AR-7_trimmed.sorted,G18-AR-7,12,AuAmRhein,Germany,NA,48.95041,8.243427,0,0,278,NA,NA,NA,0.46,7907.59,537.3,NA,NA,NA
G18-AR-8_trimmed.sorted,G18-AR-8,12,AuAmRhein,Germany,NA,48.95041,8.243427,51,15,22,NA,NA,NA,0.56,8015.52,444.37,NA,NA,NA
G18-AR-9_trimmed.sorted,G18-AR-9,12,AuAmRhein,Germany,NA,48.95041,8.243427,0,0,191,NA,NA,NA,0.55,3494.32,534.88,NA,NA,NA
G18-BB-1_trimmed.sorted,G18-BB-1,23,Barby,Germany,NA,51.948807,11.916397,NA,NA,NA,NA,NA,NA,NA,NA,NA,NA,NA,NA
G18-BB-2_trimmed.sorted,G18-BB-2,23,Barby,Germany,NA,51.948807,11.916397,NA,NA,NA,NA,NA,NA,NA,NA,NA,NA,NA,NA
G18-BB-3_trimmed.sorted,G18-BB-3,23,Barby,Germany,NA,51.948807,11.916397,NA,NA,NA,NA,NA,NA,NA,NA,NA,NA,NA,NA
G18-BD-11_trimmed.sorted,G18-BD-11,15,Buedingen,Germany,NA,50.248677,9.078187,11,9,329,105,13,0,0.21,7718.63,509.974,NA,NA,NA
G18-BD-12_trimmed.sorted,G18-BD-12,15,Buedingen,Germany,NA,50.248677,9.078187,139,0,0,NA,NA,NA,0.42,7330.31,NA,NA,NA,NA
G18-BD-14_trimmed.sorted,G18-BD-14,15,Buedingen,Germany,NA,50.248677,9.078187,1,4,207,NA,NA,NA,0.8,7806.93,487.564,NA,NA,NA
G18-BD-15_trimmed.sorted,G18-BD-15,15,Buedingen,Germany,NA,50.248677,9.078187,0,0,483,NA,NA,NA,0.49,7637,564.874,NA,NA,NA
G18-BD-19_trimmed.sorted,G18-BD-19,15,Buedingen,Germany,NA,50.248677,9.078187,0,0,157,NA,NA,NA,0.53,NA,586.014,NA,NA,NA
G18-BD-3_trimmed.sorted,G18-BD-3,15,Buedingen,Germany,NA,50.248677,9.078187,5,1,687,21,0,0,0.19,7803.41,570.402,NA,NA,NA
G18-BD-4_trimmed.sorted,G18-BD-4,15,Buedingen,Germany,NA,50.248677,9.078187,1,2,399,0,39,78,0.76,6746.77,528.628,NA,NA,NA
G18-BD-5_trimmed.sorted,G18-BD-5,15,Buedingen,Germany,NA,50.248677,9.078187,0,0,140,98,27,37,0.36,7426.77,581.023,NA,NA,NA
G18-BD-7_trimmed.sorted,G18-BD-7,15,Buedingen,Germany,NA,50.248677,9.078187,117,10,42,13,2,265,0.5,NA,522.973,NA,NA,NA
G18-BD-9_trimmed.sorted,G18-BD-9,15,Buedingen,Germany,NA,50.248677,9.078187,0,0,438,0,0,190,0.42,8290.57,546.466,NA,NA,NA
G18-BH-10_trimmed.sorted,G18-BH-10,17,BadHersfeld,Germany,NA,50.852645,9.743685,16,7,290,0,2,179,0.27,6264.44,551.086,NA,NA,NA
G18-BH-12_trimmed.sorted,G18-BH-12,17,BadHersfeld,Germany,NA,50.852645,9.743685,1,26,204,1,108,45,0.25,6423.77,492.713,NA,NA,NA
G18-BH-17_trimmed.sorted,G18-BH-17,17,BadHersfeld,Germany,NA,50.852645,9.743685,0,0,205,31,19,98,0.05,6225.79,572.147,NA,NA,NA
G18-BH-18_trimmed.sorted,G18-BH-18,17,BadHersfeld,Germany,NA,50.852645,9.743685,0,2,172,98,31,5,0.36,6479.39,585.516,NA,NA,NA
G18-BH-2_trimmed.sorted,G18-BH-2,17,BadHersfeld,Germany,NA,50.852645,9.743685,0,2,229,0,0,119,0.24,6388.2,582.345,NA,NA,NA
G18-BH-3_trimmed.sorted,G18-BH-3,17,BadHersfeld,Germany,NA,50.852645,9.743685,0,0,100,51,0,0,0.44,5960.53,557.501,NA,NA,NA
G18-BH-5_trimmed.sorted,G18-BH-5,17,BadHersfeld,Germany,NA,50.852645,9.743685,0,0,243,0,0,154,0.26,6484.68,531.807,NA,NA,NA
G18-BH-6_trimmed.sorted,G18-BH-6,17,BadHersfeld,Germany,NA,50.852645,9.743685,4,0,351,37,0,98,0.42,8017.42,555.109,NA,NA,NA
G18-BH-8_trimmed.sorted,G18-BH-8,17,BadHersfeld,Germany,NA,50.852645,9.743685,0,0,340,0,0,123,0.17,6390.86,586.099,NA,NA,NA
G18-BH-9_trimmed.sorted,G18-BH-9,17,BadHersfeld,Germany,NA,50.852645,9.743685,0,0,126,7,3,70,0.35,6736.55,584.418,NA,NA,NA
G18-BM-10_trimmed.sorted,G18-BM-10,11,Brumath,Germany,NA,48.727015,7.689943,20,68,204,150,0,0,0.35,7090.32,488.035,NA,NA,NA
G18-BM-13_trimmed.sorted,G18-BM-13,11,Brumath,Germany,NA,48.727015,7.689943,0,0,106,0,0,89,0.31,NA,566.769,NA,NA,NA
G18-BM-15_trimmed.sorted,G18-BM-15,11,Brumath,Germany,NA,48.727015,7.689943,0,0,112,3,26,84,0.39,8228.74,572.759,NA,NA,NA
G18-BM-16_trimmed.sorted,G18-BM-16,11,Brumath,Germany,NA,48.727015,7.689943,1,13,112,1,0,53,0.15,6284.06,546.177,NA,NA,NA
G18-BM-18_trimmed.sorted,G18-BM-18,11,Brumath,Germany,NA,48.727015,7.689943,78,24,7,10,0,12,0.4,7308.31,NA,NA,NA,NA
G18-BM-19_trimmed.sorted,G18-BM-19,11,Brumath,Germany,NA,48.727015,7.689943,0,6,173,64,44,1,0.23,6192.19,573.53,NA,NA,NA
G18-BM-23_trimmed.sorted,G18-BM-23,11,Brumath,Germany,NA,48.727015,7.689943,0,0,167,0,2,143,0.29,6102.78,561.544,NA,NA,NA
G18-BM-26_trimmed.sorted,G18-BM-26,11,Brumath,Germany,NA,48.727015,7.689943,0,0,87,23,68,52,0.2,NA,507.18,NA,NA,NA
G18-BM-3_trimmed.sorted,G18-BM-3,11,Brumath,Germany,NA,48.727015,7.689943,0,0,100,3,51,0,0.34,7164,551.679,NA,NA,NA
G18-BM-4_trimmed.sorted,G18-BM-4,11,Brumath,Germany,NA,48.727015,7.689943,6,0,318,71,76,25,0.34,6518.47,555.724,NA,NA,NA
G18-BM-9_trimmed.sorted,G18-BM-9,11,Brumath,Germany,NA,48.727015,7.689943,0,0,297,43,21,19,0.19,7014.34,583.146,NA,NA,NA
G18-BV-1_trimmed.sorted,G18-BV-1,9,Burgverwaltung,Germany,NA,48.17536,7.783603,15,85,62,1,55,70,0.52,6371.35,495.296,NA,NA,NA
G18-BV-10_trimmed.sorted,G18-BV-10,9,Burgverwaltung,Germany,NA,48.17536,7.783603,1,5,113,16,69,1,0.24,5983.56,484.219,NA,NA,NA
G18-BV-11_trimmed.sorted,G18-BV-11,9,Burgverwaltung,Germany,NA,48.17536,7.783603,0,7,169,6,0,108,0.61,6753.96,531.502,NA,NA,NA
G18-BV-12_trimmed.sorted,G18-BV-12,9,Burgverwaltung,Germany,NA,48.17536,7.783603,19,14,87,0,0,153,0.47,6524.67,470.734,NA,NA,NA
G18-BV-3_trimmed.sorted,G18-BV-3,9,Burgverwaltung,Germany,NA,48.17536,7.783603,0,23,70,0,3,128,0.53,6240.52,NA,NA,NA,NA
G18-BV-4_trimmed.sorted,G18-BV-4,9,Burgverwaltung,Germany,NA,48.17536,7.783603,0,50,138,11,152,27,0.6,7146.46,493.556,NA,NA,NA
G18-BV-5_trimmed.sorted,G18-BV-5,9,Burgverwaltung,Germany,NA,48.17536,7.783603,6,133,49,NA,NA,NA,0.51,6337.09,NA,NA,NA,NA
G18-BV-7_trimmed.sorted,G18-BV-7,9,Burgverwaltung,Germany,NA,48.17536,7.783603,0,3,154,4,0,120,0.54,5736.81,503.553,NA,NA,NA
G18-BV-8_trimmed.sorted,G18-BV-8,9,Burgverwaltung,Germany,NA,48.17536,7.783603,16,166,0,36,153,1,0.39,6388.2,NA,NA,NA,NA
G18-BV-9_trimmed.sorted,G18-BV-9,9,Burgverwaltung,Germany,NA,48.17536,7.783603,0,1,169,6,84,30,0.56,5622.36,518.862,NA,NA,NA
G18-EN-1_trimmed.sorted,G18-EN-1,18,Eisenach,Germany,NA,51.027863,10.359738,0,0,603,NA,NA,NA,1,8036.6,554.527,NA,NA,NA
G18-EN-2_trimmed.sorted,G18-EN-2,18,Eisenach,Germany,NA,51.027863,10.359738,3,0,173,85,0,0,0.67,7629.57,NA,NA,NA,NA
G18-EN-3_trimmed.sorted,G18-EN-3,18,Eisenach,Germany,NA,51.027863,10.359738,1,4,135,NA,NA,NA,0.54,6077.58,NA,NA,NA,NA
G18-EN-4_trimmed.sorted,G18-EN-4,18,Eisenach,Germany,NA,51.027863,10.359738,2,10,140,46,50,17,0.67,6235.92,NA,NA,NA,NA
G18-EN-5_trimmed.sorted,G18-EN-5,18,Eisenach,Germany,NA,51.027863,10.359738,NA,NA,NA,NA,NA,NA,0.81,7939.4,NA,NA,NA,NA
G18-EN-6_trimmed.sorted,G18-EN-6,18,Eisenach,Germany,NA,51.027863,10.359738,82,0,0,87,1,0,1.06,6219.42,NA,NA,NA,NA
G18-EN-7_trimmed.sorted,G18-EN-7,18,Eisenach,Germany,NA,51.027863,10.359738,0,0,199,NA,NA,NA,0.54,NA,533.791,NA,NA,NA
G18-EN-8_trimmed.sorted,G18-EN-8,18,Eisenach,Germany,NA,51.027863,10.359738,0,0,115,46,0,0,0.97,4982.83,NA,NA,NA,NA
G18-FO-1_trimmed.sorted,G18-FO-1,10,FlugplatzOffenburg,Germany,NA,48.443842,7.919677,0,0,343,72,115,24,0.24,7079.31,528.619,NA,NA,NA
G18-FO-10_trimmed.sorted,G18-FO-10,10,FlugplatzOffenburg,Germany,NA,48.443842,7.919677,4,144,67,3,74,68,0.49,7884.54,NA,NA,NA,NA
G18-FO-11_trimmed.sorted,G18-FO-11,10,FlugplatzOffenburg,Germany,NA,48.443842,7.919677,5,1,694,6,0,99,0.49,8058.3,535.287,NA,NA,NA
G18-FO-3_trimmed.sorted,G18-FO-3,10,FlugplatzOffenburg,Germany,NA,48.443842,7.919677,0,5,310,NA,NA,NA,0.28,7085.23,535.598,NA,NA,NA
G18-FO-4_trimmed.sorted,G18-FO-4,10,FlugplatzOffenburg,Germany,NA,48.443842,7.919677,1,3,185,43,32,43,0.52,6985.52,510.125,NA,NA,NA
G18-FO-5_trimmed.sorted,G18-FO-5,10,FlugplatzOffenburg,Germany,NA,48.443842,7.919677,0,1,213,0,16,125,0.15,6272.49,529.657,NA,NA,NA
G18-FO-6_trimmed.sorted,G18-FO-6,10,FlugplatzOffenburg,Germany,NA,48.443842,7.919677,28,0,740,39,7,54,0.33,7756.24,539.975,NA,NA,NA
G18-FO-7_trimmed.sorted,G18-FO-7,10,FlugplatzOffenburg,Germany,NA,48.443842,7.919677,10,0,495,4,58,52,0.42,7626.19,550.78,NA,NA,NA
G18-FO-8_trimmed.sorted,G18-FO-8,10,FlugplatzOffenburg,Germany,NA,48.443842,7.919677,46,0,727,2,26,92,0.18,8581.91,558.434,NA,NA,NA
G18-FO-9_trimmed.sorted,G18-FO-9,10,FlugplatzOffenburg,Germany,NA,48.443842,7.919677,0,0,526,1,2,173,0.43,6523.37,548.046,NA,NA,NA
G18-FP-1_trimmed.sorted,G18-FP-1,21,FriedhofPegau,Germany,NA,51.169048,12.250685,0,0,414,0,0,170,0.31,5996.82,584.535,NA,NA,NA
G18-FP-10_trimmed.sorted,G18-FP-10,21,FriedhofPegau,Germany,NA,51.169048,12.250685,0,0,274,4,1,61,0.31,6647.81,578.235,NA,NA,NA
G18-FP-11_trimmed.sorted,G18-FP-11,21,FriedhofPegau,Germany,NA,51.169048,12.250685,0,0,231,0,0,130,0.38,5734.28,555.83,NA,NA,NA
G18-FP-12_trimmed.sorted,G18-FP-12,21,FriedhofPegau,Germany,NA,51.169048,12.250685,0,0,256,22,65,2,0.21,6123.74,591.463,NA,NA,NA
G18-FP-14_trimmed.sorted,G18-FP-14,21,FriedhofPegau,Germany,NA,51.169048,12.250685,0,0,79,0,0,79,0.53,6560.69,581.815,NA,NA,NA
G18-FP-15_trimmed.sorted,G18-FP-15,21,FriedhofPegau,Germany,NA,51.169048,12.250685,0,0,267,1,20,130,0.18,5978.44,561.285,NA,NA,NA
G18-FP-19_trimmed.sorted,G18-FP-19,21,FriedhofPegau,Germany,NA,51.169048,12.250685,0,0,350,0,0,127,0.32,5213.4,582.489,NA,NA,NA
G18-FP-2_trimmed.sorted,G18-FP-2,21,FriedhofPegau,Germany,NA,51.169048,12.250685,1,0,224,4,0,74,0.5,6785.88,598.272,NA,NA,NA
G18-FP-4_trimmed.sorted,G18-FP-4,21,FriedhofPegau,Germany,NA,51.169048,12.250685,6,1,104,0,0,56,0.42,5363.96,555.86,NA,NA,NA
G18-FP-7_trimmed.sorted,G18-FP-7,21,FriedhofPegau,Germany,NA,51.169048,12.250685,3,0,190,0,0,115,0.4,6851,577.847,NA,NA,NA
G18-GH-1_trimmed.sorted,G18-GH-1,14,Graefenhause,Germany,NA,49.930762,8.594512,0,0,368,17,15,40,0.4,6385.95,557.907,NA,NA,NA
G18-GH-10_trimmed.sorted,G18-GH-10,14,Graefenhause,Germany,NA,49.930762,8.594512,0,0,421,84,43,8,0.6,8636.03,583.585,NA,NA,NA
G18-GH-2_trimmed.sorted,G18-GH-2,14,Graefenhause,Germany,NA,49.930762,8.594512,0,3,728,5,0,153,0.17,8053.4,551.659,NA,NA,NA
G18-GH-3_trimmed.sorted,G18-GH-3,14,Graefenhause,Germany,NA,49.930762,8.594512,2,30,184,1,1,115,0.55,7340.01,NA,NA,NA,NA
G18-GH-4_trimmed.sorted,G18-GH-4,14,Graefenhause,Germany,NA,49.930762,8.594512,7,2,99,NA,NA,NA,0.5,7089.48,561.324,NA,NA,NA
G18-GH-5_trimmed.sorted,G18-GH-5,14,Graefenhause,Germany,NA,49.930762,8.594512,0,0,149,NA,NA,NA,0.3,7712.7,601.559,NA,NA,NA
G18-GH-6_trimmed.sorted,G18-GH-6,14,Graefenhause,Germany,NA,49.930762,8.594512,0,1,263,4,73,57,0.43,6060.63,553.775,NA,NA,NA
G18-GH-7_trimmed.sorted,G18-GH-7,14,Graefenhause,Germany,NA,49.930762,8.594512,0,0,669,18,9,78,0.12,8335.05,576.247,NA,NA,NA
G18-GH-8_trimmed.sorted,G18-GH-8,14,Graefenhause,Germany,NA,49.930762,8.594512,0,5,223,NA,NA,NA,0.4,9214.71,566.88,NA,NA,NA
G18-GH-9_trimmed.sorted,G18-GH-9,14,Graefenhause,Germany,NA,49.930762,8.594512,0,3,223,NA,NA,NA,0.47,6886.38,545.295,NA,NA,NA
G18-GS-1_trimmed.sorted,G18-GS-1,19,Gierstadt,Germany,NA,51.024827,10.829968,0,0,144,3,34,89,0.57,7329.49,585.581,NA,NA,NA
G18-GS-10_trimmed.sorted,G18-GS-10,19,Gierstadt,Germany,NA,51.024827,10.829968,0,0,173,4,83,25,0.25,6144.9,554.343,NA,NA,NA
G18-GS-11_trimmed.sorted,G18-GS-11,19,Gierstadt,Germany,NA,51.024827,10.829968,129,0,0,NA,NA,NA,0.24,4587.06,NA,NA,NA,NA
G18-GS-14_trimmed.sorted,G18-GS-14,19,Gierstadt,Germany,NA,51.024827,10.829968,0,1,105,2,16,89,0.44,3540.23,538.225,NA,NA,NA
G18-GS-15_trimmed.sorted,G18-GS-15,19,Gierstadt,Germany,NA,51.024827,10.829968,28,28,33,3,84,63,0.35,5732.49,537.74,NA,NA,NA
G18-GS-16_trimmed.sorted,G18-GS-16,19,Gierstadt,Germany,NA,51.024827,10.829968,0,0,144,0,0,104,0.39,5680.81,556.894,NA,NA,NA
G18-GS-2_trimmed.sorted,G18-GS-2,19,Gierstadt,Germany,NA,51.024827,10.829968,1,0,47,6,44,1,0.57,3765.86,546.181,NA,NA,NA
G18-GS-20_trimmed.sorted,G18-GS-20,19,Gierstadt,Germany,NA,51.024827,10.829968,1,0,277,0,1,100,0.41,6839.64,614.31,NA,NA,NA
G18-GS-5_trimmed.sorted,G18-GS-5,19,Gierstadt,Germany,NA,51.024827,10.829968,0,31,53,57,33,0,0.6,7098.74,541.465,NA,NA,NA
G18-GS-7_trimmed.sorted,G18-GS-7,19,Gierstadt,Germany,NA,51.024827,10.829968,0,0,65,42,1,0,0.41,5210.7,612.862,NA,NA,NA
G18-HB-10_trimmed.sorted,G18-HB-10,13,Heidelberg,Germany,NA,49.42313,8.638357,8,17,219,0,0,92,0.48,7436.48,493.892,NA,NA,NA
G18-HB-12_trimmed.sorted,G18-HB-12,13,Heidelberg,Germany,NA,49.42313,8.638357,19,0,153,4,38,101,0.36,8248.39,554.737,NA,NA,NA
G18-HB-13_trimmed.sorted,G18-HB-13,13,Heidelberg,Germany,NA,49.42313,8.638357,0,5,167,1,2,151,0.62,8291.52,559.819,NA,NA,NA
G18-HB-15_trimmed.sorted,G18-HB-15,13,Heidelberg,Germany,NA,49.42313,8.638357,0,0,324,25,10,111,0.52,8948.86,541.8,NA,NA,NA
G18-HB-17_trimmed.sorted,G18-HB-17,13,Heidelberg,Germany,NA,49.42313,8.638357,1,9,152,6,195,11,0.6,7988.7,501.534,NA,NA,NA
G18-HB-22_trimmed.sorted,G18-HB-22,13,Heidelberg,Germany,NA,49.42313,8.638357,9,71,332,174,24,20,0.63,5100.66,475.283,NA,NA,NA
G18-HB-3_trimmed.sorted,G18-HB-3,13,Heidelberg,Germany,NA,49.42313,8.638357,0,1,280,31,39,90,0.48,8469.53,453.732,NA,NA,NA
G18-HB-4_trimmed.sorted,G18-HB-4,13,Heidelberg,Germany,NA,49.42313,8.638357,0,0,298,0,0,138,0.44,6888.07,543.871,NA,NA,NA
G18-HB-6_trimmed.sorted,G18-HB-6,13,Heidelberg,Germany,NA,49.42313,8.638357,89,14,0,33,0,0,0.38,NA,NA,NA,NA,NA
G18-HB-7_trimmed.sorted,G18-HB-7,13,Heidelberg,Germany,NA,49.42313,8.638357,18,4,257,5,174,11,0.3,7022.29,508.537,NA,NA,NA
G18-KB-1_trimmed.sorted,G18-KB-1,20,Kelbra,Germany,NA,51.445957,11.101182,7,0,178,49,0,0,0.33,8670.01,528.45,NA,NA,NA
G18-KB-10_trimmed.sorted,G18-KB-10,20,Kelbra,Germany,NA,51.445957,11.101182,0,1,207,2,0,133,0.33,6977.52,563.256,NA,NA,NA
G18-KB-11_trimmed.sorted,G18-KB-11,20,Kelbra,Germany,NA,51.445957,11.101182,0,1,371,0,0,168,0.16,6896.11,595.361,NA,NA,NA
G18-KB-14_trimmed.sorted,G18-KB-14,20,Kelbra,Germany,NA,51.445957,11.101182,0,0,464,61,0,0,0.31,7939.4,618.169,NA,NA,NA
G18-KB-17_trimmed.sorted,G18-KB-17,20,Kelbra,Germany,NA,51.445957,11.101182,35,5,411,0,0,172,0.27,6527.24,566.869,NA,NA,NA
G18-KB-19_trimmed.sorted,G18-KB-19,20,Kelbra,Germany,NA,51.445957,11.101182,0,0,564,0,0,125,0.28,NA,586.572,NA,NA,NA
G18-KB-2_trimmed.sorted,G18-KB-2,20,Kelbra,Germany,NA,51.445957,11.101182,0,0,558,0,0,0,0.29,7913.6,577.253,NA,NA,NA
G18-KB-4_trimmed.sorted,G18-KB-4,20,Kelbra,Germany,NA,51.445957,11.101182,0,0,636,31,0,29,0.46,6974.37,580.232,NA,NA,NA
G18-KB-6_trimmed.sorted,G18-KB-6,20,Kelbra,Germany,NA,51.445957,11.101182,0,0,715,1,8,112,0.45,8931.57,569.681,NA,NA,NA
G18-KB-7_trimmed.sorted,G18-KB-7,20,Kelbra,Germany,NA,51.445957,11.101182,0,5,339,3,3,140,0.54,7234.96,535.447,NA,NA,NA
G18-LB-10_trimmed.sorted,G18-LB-10,30,Ludwigsburg,Germany,NA,54.114038,13.482252,0,1,129,0,2,83,0.51,7339.08,525.107,NA,NA,NA
G18-LB-11_trimmed.sorted,G18-LB-11,30,Ludwigsburg,Germany,NA,54.114038,13.482252,0,0,166,6,4,32,0.46,6975.91,591.215,NA,NA,NA
G18-LB-13_trimmed.sorted,G18-LB-13,30,Ludwigsburg,Germany,NA,54.114038,13.482252,23,0,0,1,1,66,0.26,5675.89,624.401,NA,NA,NA
G18-LB-15_trimmed.sorted,G18-LB-15,30,Ludwigsburg,Germany,NA,54.114038,13.482252,46,75,1,9,11,55,0.3,5775,NA,NA,NA,NA
G18-LB-2_trimmed.sorted,G18-LB-2,30,Ludwigsburg,Germany,NA,54.114038,13.482252,50,2,201,8,33,87,0.82,7267.62,529.668,NA,NA,NA
G18-LB-20_trimmed.sorted,G18-LB-20,30,Ludwigsburg,Germany,NA,54.114038,13.482252,0,0,386,0,4,168,0.29,7615.8,575.033,NA,NA,NA
G18-LB-3_trimmed.sorted,G18-LB-3,30,Ludwigsburg,Germany,NA,54.114038,13.482252,14,3,72,18,3,65,0.31,5925.57,662.094,NA,NA,NA
G18-LB-5_trimmed.sorted,G18-LB-5,30,Ludwigsburg,Germany,NA,54.114038,13.482252,8,171,8,2,9,99,0.45,6186.16,524.929,NA,NA,NA
G18-LB-6_trimmed.sorted,G18-LB-6,30,Ludwigsburg,Germany,NA,54.114038,13.482252,0,0,93,0,0,122,0.32,5067.75,571.23,NA,NA,NA
G18-LB-7_trimmed.sorted,G18-LB-7,30,Ludwigsburg,Germany,NA,54.114038,13.482252,77,5,0,77,2,3,0.21,6025.9,NA,NA,NA,NA
G18-MW-1_trimmed.sorted,G18-MW-1,28,Mittenwald,Germany,NA,53.186898,13.662986,0,0,324,NA,NA,NA,0.54,8072.3,577.834,NA,NA,NA
G18-MW-2_trimmed.sorted,G18-MW-2,28,Mittenwald,Germany,NA,53.186898,13.662986,0,2,220,1,54,75,0.27,6400.83,581.701,NA,NA,NA
G18-MW-3_trimmed.sorted,G18-MW-3,28,Mittenwald,Germany,NA,53.186898,13.662986,49,89,253,NA,NA,NA,0.6,7180.7,511.642,NA,NA,NA
G18-MW-4_trimmed.sorted,G18-MW-4,28,Mittenwald,Germany,NA,53.186898,13.662986,1,0,602,0,0,133,0.55,7426.37,558.587,NA,NA,NA
G18-MW-5_trimmed.sorted,G18-MW-5,28,Mittenwald,Germany,NA,53.186898,13.662986,75,100,318,26,0,38,0.7,7685,574.848,NA,NA,NA
G18-MW-7_trimmed.sorted,G18-MW-7,28,Mittenwald,Germany,NA,53.186898,13.662986,0,0,340,0,0,192,0.49,6554.72,584.139,NA,NA,NA
G18-MW-8_trimmed.sorted,G18-MW-8,28,Mittenwald,Germany,NA,53.186898,13.662986,0,1,395,6,60,34,0.37,7192.37,562.963,NA,NA,NA
G18-RS-1_trimmed.sorted,G18-RS-1,24,Rabenstein,Germany,NA,52.056,12.636,0,0,364,1,8,146,0.4,7117.22,599.431,NA,NA,NA
G18-RS-11_trimmed.sorted,G18-RS-11,24,Rabenstein,Germany,NA,52.056,12.636,3,31,122,3,1,139,0.33,6473.2,501.547,NA,NA,NA
G18-RS-13_trimmed.sorted,G18-RS-13,24,Rabenstein,Germany,NA,52.056,12.636,0,1,351,20,46,85,0.2,6322.61,591.475,NA,NA,NA
G18-RS-14_trimmed.sorted,G18-RS-14,24,Rabenstein,Germany,NA,52.056,12.636,0,1,125,5,123,19,0.25,5501.62,591.087,NA,NA,NA
G18-RS-16_trimmed.sorted,G18-RS-16,24,Rabenstein,Germany,NA,52.056,12.636,0,1,130,NA,NA,NA,0.58,6317.49,602.475,NA,NA,NA
G18-RS-18_trimmed.sorted,G18-RS-18,24,Rabenstein,Germany,NA,52.056,12.636,0,0,339,1,0,157,0.48,8324.56,591.259,NA,NA,NA
G18-RS-19_trimmed.sorted,G18-RS-19,24,Rabenstein,Germany,NA,52.056,12.636,0,1,598,0,1,81,0.35,7570.22,587.265,NA,NA,NA
G18-RS-3_trimmed.sorted,G18-RS-3,24,Rabenstein,Germany,NA,52.056,12.636,0,0,310,0,0,83,0.42,5237.2,NA,NA,NA,NA
G18-RS-4_trimmed.sorted,G18-RS-4,24,Rabenstein,Germany,NA,52.056,12.636,1,0,324,1,45,109,0.37,6809.96,NA,NA,NA,NA
G18-RS-8_trimmed.sorted,G18-RS-8,24,Rabenstein,Germany,NA,52.056,12.636,0,0,189,0,0,64,0.35,6509.68,564.32,NA,NA,NA
G18-SB-1_trimmed.sorted,G18-SB-1,29,Strasburg,Germany,NA,53.547653,13.722377,5,2,1099,50,2,239,0.48,9787.1,559.509,NA,NA,NA
G18-SB-10_trimmed.sorted,G18-SB-10,29,Strasburg,Germany,NA,53.547653,13.722377,4,14,97,5,15,90,0.77,7765.86,493.624,NA,NA,NA
G18-SB-12_trimmed.sorted,G18-SB-12,29,Strasburg,Germany,NA,53.547653,13.722377,0,4,160,17,0,0,0.49,6376.02,560.921,NA,NA,NA
G18-SB-16_trimmed.sorted,G18-SB-16,29,Strasburg,Germany,NA,53.547653,13.722377,0,0,194,55,7,13,0.44,7054.7,578.505,NA,NA,NA
G18-SB-17_trimmed.sorted,G18-SB-17,29,Strasburg,Germany,NA,53.547653,13.722377,2,27,294,0,18,106,0.43,6552.9,496.113,NA,NA,NA
G18-SB-19_trimmed.sorted,G18-SB-19,29,Strasburg,Germany,NA,53.547653,13.722377,17,18,135,28,18,74,0.73,8199.55,559.498,NA,NA,NA
G18-SB-20_trimmed.sorted,G18-SB-20,29,Strasburg,Germany,NA,53.547653,13.722377,771,6,7,4,29,69,0.56,8487.39,NA,NA,NA,NA
G18-SB-3_trimmed.sorted,G18-SB-3,29,Strasburg,Germany,NA,53.547653,13.722377,0,0,293,98,3,0,0.61,7261.56,565.126,NA,NA,NA
G18-SB-4_trimmed.sorted,G18-SB-4,29,Strasburg,Germany,NA,53.547653,13.722377,0,4,206,40,67,11,0.88,5639.93,NA,NA,NA,NA
G18-SB-8_trimmed.sorted,G18-SB-8,29,Strasburg,Germany,NA,53.547653,13.722377,0,0,245,0,1,157,0.73,7319.64,594.145,NA,NA,NA
G18-SC-1_trimmed.sorted,G18-SC-1,16,Schotten,Germany,NA,50.528403,9.117785,27,3,410,NA,NA,NA,0.35,8242.95,581.121,NA,NA,NA
G18-SC-10_trimmed.sorted,G18-SC-10,16,Schotten,Germany,NA,50.528403,9.117785,NA,NA,NA,NA,NA,NA,0.52,8634.96,NA,NA,NA,NA
G18-SC-2_trimmed.sorted,G18-SC-2,16,Schotten,Germany,NA,50.528403,9.117785,13,1,217,NA,NA,NA,0.45,8351.46,NA,NA,NA,NA
G18-SC-3_trimmed.sorted,G18-SC-3,16,Schotten,Germany,NA,50.528403,9.117785,0,2,681,25,17,76,0.62,5192.91,585.534,NA,NA,NA
G18-SC-4_trimmed.sorted,G18-SC-4,16,Schotten,Germany,NA,50.528403,9.117785,3,4,158,NA,NA,NA,0.62,8440.19,523.762,NA,NA,NA
G18-SC-5_trimmed.sorted,G18-SC-5,16,Schotten,Germany,NA,50.528403,9.117785,26,1,783,NA,NA,NA,0.75,8045.89,580.673,NA,NA,NA
G18-SC-6_trimmed.sorted,G18-SC-6,16,Schotten,Germany,NA,50.528403,9.117785,18,0,0,NA,NA,NA,0.65,9730.96,NA,NA,NA,NA
G18-SC-7_trimmed.sorted,G18-SC-7,16,Schotten,Germany,NA,50.528403,9.117785,0,0,335,NA,NA,NA,0.39,6035.13,NA,NA,NA,NA
G18-SC-8_trimmed.sorted,G18-SC-8,16,Schotten,Germany,NA,50.528403,9.117785,NA,NA,NA,NA,NA,NA,0.65,7856.5,NA,NA,NA,NA
G18-SC-9_trimmed.sorted,G18-SC-9,16,Schotten,Germany,NA,50.528403,9.117785,NA,NA,NA,NA,NA,NA,0.83,7839.85,NA,NA,NA,NA
G18-SD-1_trimmed.sorted,G18-SD-1,25,Schulzendorf,Germany,NA,52.360823,13.566327,3,0,361,30,1,110,0.29,6475.74,578.111,NA,NA,NA
G18-SD-11_trimmed.sorted,G18-SD-11,25,Schulzendorf,Germany,NA,52.360823,13.566327,0,0,307,0,0,122,0.25,6513.54,590.996,NA,NA,NA
G18-SD-13_trimmed.sorted,G18-SD-13,25,Schulzendorf,Germany,NA,52.360823,13.566327,0,0,215,3,2,99,0.26,6330.33,585.142,NA,NA,NA
G18-SD-15_trimmed.sorted,G18-SD-15,25,Schulzendorf,Germany,NA,52.360823,13.566327,47,0,166,0,0,87,0.07,NA,NA,NA,NA,NA
G18-SD-17_trimmed.sorted,G18-SD-17,25,Schulzendorf,Germany,NA,52.360823,13.566327,0,0,213,0,1,110,0.38,7076.63,582.398,NA,NA,NA
G18-SD-3_trimmed.sorted,G18-SD-3,25,Schulzendorf,Germany,NA,52.360823,13.566327,0,0,196,45,0,0,0.19,5908.78,575.935,NA,NA,NA
G18-SD-5_trimmed.sorted,G18-SD-5,25,Schulzendorf,Germany,NA,52.360823,13.566327,NA,NA,NA,152,0,0,0.16,6556.25,NA,NA,NA,NA
G18-SD-6_trimmed.sorted,G18-SD-6,25,Schulzendorf,Germany,NA,52.360823,13.566327,0,0,231,0,0,215,0.31,6993.58,545.946,NA,NA,NA
G18-SD-7_trimmed.sorted,G18-SD-7,25,Schulzendorf,Germany,NA,52.360823,13.566327,0,0,362,0,3,166,0.16,6334.26,593.845,NA,NA,NA
G18-SD-8_trimmed.sorted,G18-SD-8,25,Schulzendorf,Germany,NA,52.360823,13.566327,44,89,11,43,61,6,0.21,5950.73,452.237,NA,NA,NA
G18-TL-1_trimmed.sorted,G18-TL-1,27,Templin,Germany,NA,53.129508,13.48775,1,5,195,0,49,60,0.43,7762.75,527.863,NA,NA,NA
G18-TL-2_trimmed.sorted,G18-TL-2,27,Templin,Germany,NA,53.129508,13.48775,0,0,406,0,0,138,0.42,6376.13,563.303,NA,NA,NA
G18-TL-3_trimmed.sorted,G18-TL-3,27,Templin,Germany,NA,53.129508,13.48775,0,1,294,2,1,99,0.42,6183.61,597.925,NA,NA,NA
G18-TL-4_trimmed.sorted,G18-TL-4,27,Templin,Germany,NA,53.129508,13.48775,0,0,348,0,38,135,0.3,6126.89,554.334,NA,NA,NA
G18-UK-11_trimmed.sorted,G18-UK-11,8,Umkirch,Germany,NA,48.052993,7.758187,2,1,129,65,0,0,0.41,7948.33,548.851,NA,NA,NA
G18-UK-15_trimmed.sorted,G18-UK-15,8,Umkirch,Germany,NA,48.052993,7.758187,0,3,398,0,3,156,0.28,9058.77,565.676,NA,NA,NA
G18-UK-17_trimmed.sorted,G18-UK-17,8,Umkirch,Germany,NA,48.052993,7.758187,0,0,174,8,87,48,0.15,6988.37,626.773,NA,NA,NA
G18-UK-18_trimmed.sorted,G18-UK-18,8,Umkirch,Germany,NA,48.052993,7.758187,0,0,145,3,126,13,0.27,6251.29,599.615,NA,NA,NA
G18-UK-2_trimmed.sorted,G18-UK-2,8,Umkirch,Germany,NA,48.052993,7.758187,0,0,174,0,5,140,0.25,7351.22,575.694,NA,NA,NA
G18-UK-3_trimmed.sorted,G18-UK-3,8,Umkirch,Germany,NA,48.052993,7.758187,0,0,245,53,129,31,0.12,6491.64,529.131,NA,NA,NA
G18-UK-5_trimmed.sorted,G18-UK-5,8,Umkirch,Germany,NA,48.052993,7.758187,0,0,336,1,17,89,0.44,7225.87,553.067,NA,NA,NA
G18-UK-6_trimmed.sorted,G18-UK-6,8,Umkirch,Germany,NA,48.052993,7.758187,2,141,110,0,0,118,0.49,8552.05,464.71,NA,NA,NA
G18-UK-8_trimmed.sorted,G18-UK-8,8,Umkirch,Germany,NA,48.052993,7.758187,0,6,216,3,61,48,0.15,6809.51,502.868,NA,NA,NA
G18-UK-9_trimmed.sorted,G18-UK-9,8,Umkirch,Germany,NA,48.052993,7.758187,0,0,146,29,0,0,0.26,7423.23,584.848,NA,NA,NA
G18-WL-1_trimmed.sorted,G18-WL-1,26,Wandlitz,Germany,NA,52.746486,13.434598,0,4,309,7,7,175,NA,6531.87,573.79,NA,NA,NA
G18-WL-10_trimmed.sorted,G18-WL-10,26,Wandlitz,Germany,NA,52.746486,13.434598,0,0,88,7,60,31,NA,4120.64,591.94,NA,NA,NA
G18-WL-12_trimmed.sorted,G18-WL-12,26,Wandlitz,Germany,NA,52.746486,13.434598,0,8,146,0,2,175,NA,4278.7,529.365,NA,NA,NA
G18-WL-13_trimmed.sorted,G18-WL-13,26,Wandlitz,Germany,NA,52.746486,13.434598,1,43,52,4,7,60,NA,3746.7,NA,NA,NA,NA
G18-WL-14_trimmed.sorted,G18-WL-14,26,Wandlitz,Germany,NA,52.746486,13.434598,0,0,209,8,48,62,NA,7250.48,623.491,NA,NA,NA
G18-WL-2_trimmed.sorted,G18-WL-2,26,Wandlitz,Germany,NA,52.746486,13.434598,0,0,171,0,0,162,NA,5472.92,502.871,NA,NA,NA
G18-WL-3_trimmed.sorted,G18-WL-3,26,Wandlitz,Germany,NA,52.746486,13.434598,1,32,68,9,66,9,NA,5324.76,566.98,NA,NA,NA
G18-WL-5_trimmed.sorted,G18-WL-5,26,Wandlitz,Germany,NA,52.746486,13.434598,0,0,159,9,46,69,NA,6173.95,575.653,NA,NA,NA
G18-WL-7_trimmed.sorted,G18-WL-7,26,Wandlitz,Germany,NA,52.746486,13.434598,0,6,156,6,21,55,NA,5957.56,567.499,NA,NA,NA
G18-WL-9_trimmed.sorted,G18-WL-9,26,Wandlitz,Germany,NA,52.746486,13.434598,2,39,104,30,61,0,NA,4361.31,486.779,NA,NA,NA
G18-ZS-1_trimmed.sorted,G18-ZS-1,22,Zeits,Germany,NA,51.972605,11.804803,NA,NA,NA,NA,NA,NA,NA,NA,NA,NA,NA,NA
G18-ZS-2_trimmed.sorted,G18-ZS-2,22,Zeits,Germany,NA,51.972605,11.804803,NA,NA,NA,NA,NA,NA,NA,NA,NA,NA,NA,NA
G18-ZS-3_trimmed.sorted,G18-ZS-3,22,Zeits,Germany,NA,51.972605,11.804803,NA,NA,NA,NA,NA,NA,NA,NA,NA,NA,NA,NA
G18-ZS-4_trimmed.sorted,G18-ZS-4,22,Zeits,Germany,NA,51.972605,11.804803,NA,NA,NA,NA,NA,NA,NA,NA,NA,NA,NA,NA
JpFuFA01_trimmed.sorted,JpFuFA01,48,Fukuoka Tarumaru Lizuka,Japan,NA,33.65,130.683333,NA,NA,NA,NA,NA,NA,NA,NA,NA,NA,NA,NA
JpFuFA02_trimmed.sorted,JpFuFA02,48,Fukuoka Tarumaru Lizuka,Japan,NA,33.65,130.683333,NA,NA,NA,NA,NA,NA,NA,NA,NA,NA,NA,NA
JpFuFA03_trimmed.sorted,JpFuFA03,48,Fukuoka Tarumaru Lizuka,Japan,NA,33.65,130.683333,NA,NA,NA,NA,NA,NA,NA,NA,NA,NA,NA,NA
JpFuFA04_trimmed.sorted,JpFuFA04,48,Fukuoka Tarumaru Lizuka,Japan,NA,33.65,130.683333,NA,NA,NA,NA,NA,NA,NA,NA,NA,NA,NA,NA
JpFuFA05_trimmed.sorted,JpFuFA05,48,Fukuoka Tarumaru Lizuka,Japan,NA,33.65,130.683333,NA,NA,NA,NA,NA,NA,NA,NA,NA,NA,NA,NA
JpFuFB01_trimmed.sorted,JpFuFB01,48,Fukuoka Yamada Ryokuchi,Japan,NA,33.566667,130.71666,NA,NA,NA,NA,NA,NA,NA,NA,NA,NA,NA,NA
JpFuFB02_trimmed.sorted,JpFuFB02,48,Fukuoka Yamada Ryokuchi,Japan,NA,33.566667,130.71666,NA,NA,NA,NA,NA,NA,NA,NA,NA,NA,NA,NA
JpFuFB03_trimmed.sorted,JpFuFB03,48,Fukuoka Yamada Ryokuchi,Japan,NA,33.566667,130.71666,NA,NA,NA,NA,NA,NA,NA,NA,NA,NA,NA,NA
JpFuFB04_trimmed.sorted,JpFuFB04,48,Fukuoka Yamada Ryokuchi,Japan,NA,33.566667,130.71666,NA,NA,NA,NA,NA,NA,NA,NA,NA,NA,NA,NA
JpFuFB05_trimmed.sorted,JpFuFB05,48,Fukuoka Yamada Ryokuchi,Japan,NA,33.566667,130.71666,NA,NA,NA,NA,NA,NA,NA,NA,NA,NA,NA,NA
JpKaAA01_trimmed.sorted,JpKaAA01,46,Amami oshima Island,Japan,NA,28.33,129.32,NA,NA,NA,NA,NA,NA,NA,NA,NA,NA,NA,NA
JpKaAA02_trimmed.sorted,JpKaAA02,46,Amami oshima Island,Japan,NA,28.33,129.32,NA,NA,NA,NA,NA,NA,NA,NA,NA,NA,NA,NA
JpKaAA03_trimmed.sorted,JpKaAA03,46,Amami oshima Island,Japan,NA,28.33,129.32,NA,NA,NA,NA,NA,NA,NA,NA,NA,NA,NA,NA
JpKaAA04_trimmed.sorted,JpKaAA04,46,Amami oshima Island,Japan,NA,28.33,129.32,NA,NA,NA,NA,NA,NA,NA,NA,NA,NA,NA,NA
JpKaAA05_trimmed.sorted,JpKaAA05,46,Amami oshima Island,Japan,NA,28.33,129.32,NA,NA,NA,NA,NA,NA,NA,NA,NA,NA,NA,NA
JpKaAB01_trimmed.sorted,JpKaAB01,46,Amami oshima Island,Japan,NA,28.33,129.32,NA,NA,NA,NA,NA,NA,NA,NA,NA,NA,NA,NA
JpKaAC01_trimmed.sorted,JpKaAC01,46,Amami oshima Island,Japan,NA,28.33,129.32,NA,NA,NA,NA,NA,NA,NA,NA,NA,NA,NA,NA
JpNaAA01_trimmed.sorted,JpNaAA01,47,Amami oshima Island,Japan,NA,28.33,129.32,NA,NA,NA,NA,NA,NA,NA,NA,NA,NA,NA,NA
JpNaAA02_trimmed.sorted,JpNaAA02,47,Amami oshima Island,Japan,NA,28.33,129.32,NA,NA,NA,NA,NA,NA,NA,NA,NA,NA,NA,NA
JpNaAA03_trimmed.sorted,JpNaAA03,47,Amami oshima Island,Japan,NA,28.33,129.32,NA,NA,NA,NA,NA,NA,NA,NA,NA,NA,NA,NA
JpNaAA04_trimmed.sorted,JpNaAA04,47,Amami oshima Island,Japan,NA,28.33,129.32,NA,NA,NA,NA,NA,NA,NA,NA,NA,NA,NA,NA
JpNaAA07_trimmed.sorted,JpNaAA07,47,Amami oshima Island,Japan,NA,28.33,129.32,NA,NA,NA,NA,NA,NA,NA,NA,NA,NA,NA,NA
JpNaAA08_trimmed.sorted,JpNaAA08,47,Amami oshima Island,Japan,NA,28.33,129.32,NA,NA,NA,NA,NA,NA,NA,NA,NA,NA,NA,NA
JpNaAA09_trimmed.sorted,JpNaAA09,47,Amami oshima Island,Japan,NA,28.33,129.32,NA,NA,NA,NA,NA,NA,NA,NA,NA,NA,NA,NA
JpNaAA10_trimmed.sorted,JpNaAA10,47,Amami oshima Island,Japan,NA,28.33,129.32,NA,NA,NA,NA,NA,NA,NA,NA,NA,NA,NA,NA
JpNaAA11_trimmed.sorted,JpNaAA11,47,Amami oshima Island,Japan,NA,28.33,129.32,NA,NA,NA,NA,NA,NA,NA,NA,NA,NA,NA,NA
LtKlPA01_trimmed.sorted,LtKlPA01,35,Palanga,Lithuania,NA,55.97,21.1,NA,NA,NA,NA,NA,NA,NA,NA,NA,NA,NA,NA
LtKlPA02_trimmed.sorted,LtKlPA02,35,Palanga,Lithuania,NA,55.97,21.1,NA,NA,NA,NA,NA,NA,NA,NA,NA,NA,NA,NA
LtKlPA03_trimmed.sorted,LtKlPA03,35,Palanga,Lithuania,NA,55.97,21.1,NA,NA,NA,NA,NA,NA,NA,NA,NA,NA,NA,NA
LtKlPA04_trimmed.sorted,LtKlPA04,35,Palanga,Lithuania,NA,55.97,21.1,NA,NA,NA,NA,NA,NA,NA,NA,NA,NA,NA,NA
LtKlPA05_trimmed.sorted,LtKlPA05,35,Palanga,Lithuania,NA,55.97,21.1,NA,NA,NA,NA,NA,NA,NA,NA,NA,NA,NA,NA
LtKlPA06_trimmed.sorted,LtKlPA06,35,Palanga,Lithuania,NA,55.97,21.1,NA,NA,NA,NA,NA,NA,NA,NA,NA,NA,NA,NA
LtKlPA07_trimmed.sorted,LtKlPA07,35,Palanga,Lithuania,NA,55.97,21.1,NA,NA,NA,NA,NA,NA,NA,NA,NA,NA,NA,NA
LtKlPA08_trimmed.sorted,LtKlPA08,35,Palanga,Lithuania,NA,55.97,21.1,NA,NA,NA,NA,NA,NA,NA,NA,NA,NA,NA,NA
LtKlPA09_trimmed.sorted,LtKlPA09,35,Palanga,Lithuania,NA,55.97,21.1,NA,NA,NA,NA,NA,NA,NA,NA,NA,NA,NA,NA
LtKlPA10_trimmed.sorted,LtKlPA10,35,Palanga,Lithuania,NA,55.97,21.1,NA,NA,NA,NA,NA,NA,NA,NA,NA,NA,NA,NA
LvLiAC01_trimmed.sorted,LvLiAC01,38,Ainazi,Lativa,NA,57.87,24.35,NA,NA,NA,NA,NA,NA,NA,NA,NA,NA,NA,NA
LvLiAC02_trimmed.sorted,LvLiAC02,38,Ainazi,Lativa,NA,57.87,24.35,NA,NA,NA,NA,NA,NA,NA,NA,NA,NA,NA,NA
LvLiAC03_trimmed.sorted,LvLiAC03,38,Ainazi,Lativa,NA,57.87,24.35,NA,NA,NA,NA,NA,NA,NA,NA,NA,NA,NA,NA
LvLiAC04_trimmed.sorted,LvLiAC04,38,Ainazi,Lativa,NA,57.87,24.35,NA,NA,NA,NA,NA,NA,NA,NA,NA,NA,NA,NA
LvLiAC05_trimmed.sorted,LvLiAC05,38,Ainazi,Lativa,NA,57.87,24.35,NA,NA,NA,NA,NA,NA,NA,NA,NA,NA,NA,NA
LvLiAC06_trimmed.sorted,LvLiAC06,38,Ainazi,Lativa,NA,57.87,24.35,NA,NA,NA,NA,NA,NA,NA,NA,NA,NA,NA,NA
LvLiAC07_trimmed.sorted,LvLiAC07,38,Ainazi,Lativa,NA,57.87,24.35,NA,NA,NA,NA,NA,NA,NA,NA,NA,NA,NA,NA
LvLiAC08_trimmed.sorted,LvLiAC08,38,Ainazi,Lativa,NA,57.87,24.35,NA,NA,NA,NA,NA,NA,NA,NA,NA,NA,NA,NA
LvLiAC12_trimmed.sorted,LvLiAC12,38,Ainazi,Lativa,NA,57.87,24.35,NA,NA,NA,NA,NA,NA,NA,NA,NA,NA,NA,NA
LvLiAC13_trimmed.sorted,LvLiAC13,38,Ainazi,Lativa,NA,57.87,24.35,NA,NA,NA,NA,NA,NA,NA,NA,NA,NA,NA,NA
LvLpLA01_trimmed.sorted,LvLpLA01,36,Liepaja,Lativa,NA,56.42,21,NA,NA,NA,NA,NA,NA,NA,NA,NA,NA,NA,NA
LvLpLA02_trimmed.sorted,LvLpLA02,36,Liepaja,Lativa,NA,56.42,21,NA,NA,NA,NA,NA,NA,NA,NA,NA,NA,NA,NA
LvLpLA03_trimmed.sorted,LvLpLA03,36,Liepaja,Lativa,NA,56.42,21,NA,NA,NA,NA,NA,NA,NA,NA,NA,NA,NA,NA
LvLpLA08_trimmed.sorted,LvLpLA08,36,Liepaja,Lativa,NA,56.42,21,NA,NA,NA,NA,NA,NA,NA,NA,NA,NA,NA,NA
LvLpLA10_trimmed.sorted,LvLpLA10,36,Liepaja,Lativa,NA,56.42,21,NA,NA,NA,NA,NA,NA,NA,NA,NA,NA,NA,NA
LvLpLA12_trimmed.sorted,LvLpLA12,36,Liepaja,Lativa,NA,56.42,21,NA,NA,NA,NA,NA,NA,NA,NA,NA,NA,NA,NA
LvLpLA13_trimmed.sorted,LvLpLA13,36,Liepaja,Lativa,NA,56.42,21,NA,NA,NA,NA,NA,NA,NA,NA,NA,NA,NA,NA
LvLpLA14_trimmed.sorted,LvLpLA14,36,Liepaja,Lativa,NA,56.42,21,NA,NA,NA,NA,NA,NA,NA,NA,NA,NA,NA,NA
LvLpLA15_trimmed.sorted,LvLpLA15,36,Liepaja,Lativa,NA,56.42,21,NA,NA,NA,NA,NA,NA,NA,NA,NA,NA,NA,NA
LvLpLA16_trimmed.sorted,LvLpLA16,36,Liepaja,Lativa,NA,56.42,21,NA,NA,NA,NA,NA,NA,NA,NA,NA,NA,NA,NA
LvSaSA01_trimmed.sorted,LvSaSA01,37,Salaspils,Lativa,NA,56.85,24.38,NA,NA,NA,NA,NA,NA,NA,NA,NA,NA,NA,NA
LvSaSA02_trimmed.sorted,LvSaSA02,37,Salaspils,Lativa,NA,56.85,24.38,NA,NA,NA,NA,NA,NA,NA,NA,NA,NA,NA,NA
LvSaSA03_trimmed.sorted,LvSaSA03,37,Salaspils,Lativa,NA,56.85,24.38,NA,NA,NA,NA,NA,NA,NA,NA,NA,NA,NA,NA
LvSaSA04_trimmed.sorted,LvSaSA04,37,Salaspils,Lativa,NA,56.85,24.38,NA,NA,NA,NA,NA,NA,NA,NA,NA,NA,NA,NA
LvSaSA06_trimmed.sorted,LvSaSA06,37,Salaspils,Lativa,NA,56.85,24.38,NA,NA,NA,NA,NA,NA,NA,NA,NA,NA,NA,NA
LvSaSA07_trimmed.sorted,LvSaSA07,37,Salaspils,Lativa,NA,56.85,24.38,NA,NA,NA,NA,NA,NA,NA,NA,NA,NA,NA,NA
LvSaSA08_trimmed.sorted,LvSaSA08,37,Salaspils,Lativa,NA,56.85,24.38,NA,NA,NA,NA,NA,NA,NA,NA,NA,NA,NA,NA
LvSaSA09_trimmed.sorted,LvSaSA09,37,Salaspils,Lativa,NA,56.85,24.38,NA,NA,NA,NA,NA,NA,NA,NA,NA,NA,NA,NA
LvSaSA10_trimmed.sorted,LvSaSA10,37,Salaspils,Lativa,NA,56.85,24.38,NA,NA,NA,NA,NA,NA,NA,NA,NA,NA,NA,NA
LvSaSA11_trimmed.sorted,LvSaSA11,37,Salaspils,Lativa,NA,56.85,24.38,NA,NA,NA,NA,NA,NA,NA,NA,NA,NA,NA,NA
PlGPPA01_trimmed.sorted,PlGPPA01,33,Poznan,Poland,NA,52.3,17.5333,NA,NA,NA,NA,NA,NA,NA,NA,NA,NA,NA,NA
PlGPPA03_trimmed.sorted,PlGPPA03,33,Poznan,Poland,NA,52.3,17.5333,NA,NA,NA,NA,NA,NA,NA,NA,NA,NA,NA,NA
PlGPPA04_trimmed.sorted,PlGPPA04,33,Poznan,Poland,NA,52.3,17.5333,NA,NA,NA,NA,NA,NA,NA,NA,NA,NA,NA,NA
PlGPPA05_trimmed.sorted,PlGPPA05,33,Poznan,Poland,NA,52.3,17.5333,NA,NA,NA,NA,NA,NA,NA,NA,NA,NA,NA,NA
PlGPPA06_trimmed.sorted,PlGPPA06,33,Poznan,Poland,NA,52.3,17.5333,NA,NA,NA,NA,NA,NA,NA,NA,NA,NA,NA,NA
PlGPPA08_trimmed.sorted,PlGPPA08,33,Poznan,Poland,NA,52.3,17.5333,NA,NA,NA,NA,NA,NA,NA,NA,NA,NA,NA,NA
PlGPPA09_trimmed.sorted,PlGPPA09,33,Poznan,Poland,NA,52.3,17.5333,NA,NA,NA,NA,NA,NA,NA,NA,NA,NA,NA,NA
PlGPPA10_trimmed.sorted,PlGPPA10,33,Poznan,Poland,NA,52.3,17.5333,NA,NA,NA,NA,NA,NA,NA,NA,NA,NA,NA,NA
PlGPPA11_trimmed.sorted,PlGPPA11,33,Poznan,Poland,NA,52.3,17.5333,NA,NA,NA,NA,NA,NA,NA,NA,NA,NA,NA,NA
PlGPPA12_trimmed.sorted,PlGPPA12,33,Poznan,Poland,NA,52.3,17.5333,NA,NA,NA,NA,NA,NA,NA,NA,NA,NA,NA,NA
PlLuGA01_trimmed.sorted,PlLuGA01,32,Grodziszcze,Poland,NA,52.25,15.533,NA,NA,NA,NA,NA,NA,NA,NA,NA,NA,NA,NA
PlLuGA02_trimmed.sorted,PlLuGA02,32,Grodziszcze,Poland,NA,52.25,15.533,NA,NA,NA,NA,NA,NA,NA,NA,NA,NA,NA,NA
PlLuGA03_trimmed.sorted,PlLuGA03,32,Grodziszcze,Poland,NA,52.25,15.533,NA,NA,NA,NA,NA,NA,NA,NA,NA,NA,NA,NA
PlLuGA04_trimmed.sorted,PlLuGA04,32,Grodziszcze,Poland,NA,52.25,15.533,NA,NA,NA,NA,NA,NA,NA,NA,NA,NA,NA,NA
PlLuGA05_trimmed.sorted,PlLuGA05,32,Grodziszcze,Poland,NA,52.25,15.533,NA,NA,NA,NA,NA,NA,NA,NA,NA,NA,NA,NA
PlLuGA06_trimmed.sorted,PlLuGA06,32,Grodziszcze,Poland,NA,52.25,15.533,NA,NA,NA,NA,NA,NA,NA,NA,NA,NA,NA,NA
PlLuGA07_trimmed.sorted,PlLuGA07,32,Grodziszcze,Poland,NA,52.25,15.533,NA,NA,NA,NA,NA,NA,NA,NA,NA,NA,NA,NA
PlPoLA01_trimmed.sorted,PlPoLA01,34,Lebork,Poland,NA,54.55,17.78,NA,NA,NA,NA,NA,NA,NA,NA,NA,NA,NA,NA
PlPoLA02_trimmed.sorted,PlPoLA02,34,Lebork,Poland,NA,54.55,17.78,NA,NA,NA,NA,NA,NA,NA,NA,NA,NA,NA,NA
PlPoLA03_trimmed.sorted,PlPoLA03,34,Lebork,Poland,NA,54.55,17.78,NA,NA,NA,NA,NA,NA,NA,NA,NA,NA,NA,NA
PlPoLA04_trimmed.sorted,PlPoLA04,34,Lebork,Poland,NA,54.55,17.78,NA,NA,NA,NA,NA,NA,NA,NA,NA,NA,NA,NA
PlPoLA05_trimmed.sorted,PlPoLA05,34,Lebork,Poland,NA,54.55,17.78,NA,NA,NA,NA,NA,NA,NA,NA,NA,NA,NA,NA
PlPoLA06_trimmed.sorted,PlPoLA06,34,Lebork,Poland,NA,54.55,17.78,NA,NA,NA,NA,NA,NA,NA,NA,NA,NA,NA,NA
PlPoLA07_trimmed.sorted,PlPoLA07,34,Lebork,Poland,NA,54.55,17.78,NA,NA,NA,NA,NA,NA,NA,NA,NA,NA,NA,NA
PlPoLA08_trimmed.sorted,PlPoLA08,34,Lebork,Poland,NA,54.55,17.78,NA,NA,NA,NA,NA,NA,NA,NA,NA,NA,NA,NA
PlPoLA09_trimmed.sorted,PlPoLA09,34,Lebork,Poland,NA,54.55,17.78,NA,NA,NA,NA,NA,NA,NA,NA,NA,NA,NA,NA
PlPoLA10_trimmed.sorted,PlPoLA10,34,Lebork,Poland,NA,54.55,17.78,NA,NA,NA,NA,NA,NA,NA,NA,NA,NA,NA,NA
RuKuKA01_trimmed.sorted,RuKuKA01,43,Khytor Stepnoy Village ,Russia,NA,51.733333,36.183333,NA,NA,NA,NA,NA,NA,NA,NA,NA,NA,NA,NA
RuKuKA02_trimmed.sorted,RuKuKA02,43,Khytor Stepnoy Village ,Russia,NA,51.733333,36.183333,NA,NA,NA,NA,NA,NA,NA,NA,NA,NA,NA,NA
RuKuKA03_trimmed.sorted,RuKuKA03,43,Khytor Stepnoy Village ,Russia,NA,51.733333,36.183333,NA,NA,NA,NA,NA,NA,NA,NA,NA,NA,NA,NA
RuKuKA04_trimmed.sorted,RuKuKA04,43,Khytor Stepnoy Village ,Russia,NA,51.733333,36.183333,NA,NA,NA,NA,NA,NA,NA,NA,NA,NA,NA,NA
RuKuKA05_trimmed.sorted,RuKuKA05,43,Khytor Stepnoy Village ,Russia,NA,51.733333,36.183333,NA,NA,NA,NA,NA,NA,NA,NA,NA,NA,NA,NA
RuKuKA06_trimmed.sorted,RuKuKA06,43,Khytor Stepnoy Village ,Russia,NA,51.733333,36.183333,NA,NA,NA,NA,NA,NA,NA,NA,NA,NA,NA,NA
RuKuKA07_trimmed.sorted,RuKuKA07,43,Khytor Stepnoy Village ,Russia,NA,51.733333,36.183333,NA,NA,NA,NA,NA,NA,NA,NA,NA,NA,NA,NA
RuKuKA08_trimmed.sorted,RuKuKA08,43,Khytor Stepnoy Village ,Russia,NA,51.733333,36.183333,NA,NA,NA,NA,NA,NA,NA,NA,NA,NA,NA,NA
RuKuKA09_trimmed.sorted,RuKuKA09,43,Khytor Stepnoy Village ,Russia,NA,51.733333,36.183333,NA,NA,NA,NA,NA,NA,NA,NA,NA,NA,NA,NA
RuKuKA10_trimmed.sorted,RuKuKA10,43,Khytor Stepnoy Village ,Russia,NA,51.733333,36.183333,NA,NA,NA,NA,NA,NA,NA,NA,NA,NA,NA,NA
RuKuSA02_trimmed.sorted,RuKuSA02,42,Selikhovy Dvory Village ,Russia,NA,51.57,36.07,NA,NA,NA,NA,NA,NA,NA,NA,NA,NA,NA,NA
RuKuSA04_trimmed.sorted,RuKuSA04,42,Selikhovy Dvory Village ,Russia,NA,51.57,36.07,NA,NA,NA,NA,NA,NA,NA,NA,NA,NA,NA,NA
RuKuSA05_trimmed.sorted,RuKuSA05,42,Selikhovy Dvory Village ,Russia,NA,51.57,36.07,NA,NA,NA,NA,NA,NA,NA,NA,NA,NA,NA,NA
RuKuSA06_trimmed.sorted,RuKuSA06,42,Selikhovy Dvory Village ,Russia,NA,51.57,36.07,NA,NA,NA,NA,NA,NA,NA,NA,NA,NA,NA,NA
RuKuSA07_trimmed.sorted,RuKuSA07,42,Selikhovy Dvory Village ,Russia,NA,51.57,36.07,NA,NA,NA,NA,NA,NA,NA,NA,NA,NA,NA,NA
RuKuSA08_trimmed.sorted,RuKuSA08,42,Selikhovy Dvory Village ,Russia,NA,51.57,36.07,NA,NA,NA,NA,NA,NA,NA,NA,NA,NA,NA,NA
RuKuSA09_trimmed.sorted,RuKuSA09,42,Selikhovy Dvory Village ,Russia,NA,51.57,36.07,NA,NA,NA,NA,NA,NA,NA,NA,NA,NA,NA,NA
RuKuSA11_trimmed.sorted,RuKuSA11,42,Selikhovy Dvory Village ,Russia,NA,51.57,36.07,NA,NA,NA,NA,NA,NA,NA,NA,NA,NA,NA,NA
RuKuSA12_trimmed.sorted,RuKuSA12,42,Selikhovy Dvory Village ,Russia,NA,51.57,36.07,NA,NA,NA,NA,NA,NA,NA,NA,NA,NA,NA,NA
RuKuSA13_trimmed.sorted,RuKuSA13,42,Selikhovy Dvory Village ,Russia,NA,51.57,36.07,NA,NA,NA,NA,NA,NA,NA,NA,NA,NA,NA,NA
RuLiDA01_trimmed.sorted,RuLiDA01,44,Donskoye Village ,Russia,NA,52.85,38.783333,NA,NA,NA,NA,NA,NA,NA,NA,NA,NA,NA,NA
RuLiDA02_trimmed.sorted,RuLiDA02,44,Donskoye Village ,Russia,NA,52.85,38.783333,NA,NA,NA,NA,NA,NA,NA,NA,NA,NA,NA,NA
RuLiDA03_trimmed.sorted,RuLiDA03,44,Donskoye Village ,Russia,NA,52.85,38.783333,NA,NA,NA,NA,NA,NA,NA,NA,NA,NA,NA,NA
RuLiDA04_trimmed.sorted,RuLiDA04,44,Donskoye Village ,Russia,NA,52.85,38.783333,NA,NA,NA,NA,NA,NA,NA,NA,NA,NA,NA,NA
RuLiDA05_trimmed.sorted,RuLiDA05,44,Donskoye Village ,Russia,NA,52.85,38.783333,NA,NA,NA,NA,NA,NA,NA,NA,NA,NA,NA,NA
RuLiDA06_trimmed.sorted,RuLiDA06,44,Donskoye Village ,Russia,NA,52.85,38.783333,NA,NA,NA,NA,NA,NA,NA,NA,NA,NA,NA,NA
RuLiDA07_trimmed.sorted,RuLiDA07,44,Donskoye Village ,Russia,NA,52.85,38.783333,NA,NA,NA,NA,NA,NA,NA,NA,NA,NA,NA,NA
RuLiDA08_trimmed.sorted,RuLiDA08,44,Donskoye Village ,Russia,NA,52.85,38.783333,NA,NA,NA,NA,NA,NA,NA,NA,NA,NA,NA,NA
RuLiDA09_trimmed.sorted,RuLiDA09,44,Donskoye Village ,Russia,NA,52.85,38.783333,NA,NA,NA,NA,NA,NA,NA,NA,NA,NA,NA,NA
RuLiDA10_trimmed.sorted,RuLiDA10,44,Donskoye Village ,Russia,NA,52.85,38.783333,NA,NA,NA,NA,NA,NA,NA,NA,NA,NA,NA,NA
RuLiYA01_trimmed.sorted,RuLiYA01,45,Yablonevoye Village ,Russia,NA,52.616667,39.6,NA,NA,NA,NA,NA,NA,NA,NA,NA,NA,NA,NA
RuLiYA02_trimmed.sorted,RuLiYA02,45,Yablonevoye Village ,Russia,NA,52.616667,39.6,NA,NA,NA,NA,NA,NA,NA,NA,NA,NA,NA,NA
RuLiYA03_trimmed.sorted,RuLiYA03,45,Yablonevoye Village ,Russia,NA,52.616667,39.6,NA,NA,NA,NA,NA,NA,NA,NA,NA,NA,NA,NA
SF18-BN-1_trimmed.sorted,SF18-Belflou-1,1,Belflou,France,Estonia,43.32287,1.7860194,NA,NA,NA,NA,NA,NA,0.3,8541.56,NA,NA,NA,NA
SF18-BN-12_trimmed.sorted,SF18-Belflou-12,1,Belflou,France,Estonia,43.32287,1.7860194,13,120,0,NA,NA,NA,0.24,7996.59,NA,NA,NA,NA
SF18-BN-14_trimmed.sorted,SF18-Belflou-14,1,Belflou,France,Estonia,43.32287,1.7860194,0,88,78,NA,NA,NA,0.45,7344.03,559.9813,NA,0.3168,NA
SF18-BN-18_trimmed.sorted,SF18-Belflou-18,1,Belflou,France,Estonia,43.32287,1.7860194,0,24,195,0,152,20,0.26,8161.46,620.8607,NA,0.4053333,NA
SF18-BN-3_trimmed.sorted,SF18-Belflou-3,1,Belflou,France,Estonia,43.32287,1.7860194,26,119,139,NA,NA,NA,0.29,8826.13,507.7287,NA,0.2864,NA
SF18-BN-4_trimmed.sorted,SF18-Belflou-4,1,Belflou,France,Estonia,43.32287,1.7860194,43,0,0,NA,NA,NA,0.32,4215.08,NA,NA,NA,NA
SF18-BN-5_trimmed.sorted,SF18-Belflou-5,1,Belflou,France,Estonia,43.32287,1.7860194,3,59,254,NA,NA,NA,0.51,9304.52,530.4633,NA,0.3724,NA
SF18-BN-7_trimmed.sorted,SF18-Belflou-7,1,Belflou,France,France,43.32287,1.7860194,3,2,128,2,49,138,0.24,7980.91,NA,463.3329,NA,0.2516667
SF18-BN-8_trimmed.sorted,SF18-Belflou-8,1,Belflou,France,France,43.32287,1.7860194,0,5,184,NA,NA,NA,0.57,8176.88,574.7933,NA,0.305,NA
SF18-BN-9_trimmed.sorted,SF18-Belflou-9,1,Belflou,France,France,43.32287,1.7860194,7,73,122,NA,NA,NA,0.38,7616.97,457.7413,NA,0.2508,NA
SF18-CA-10_trimmed.sorted,SF18-Casties-10,2,Casties,France,France,43.1867694,1.9399972,0,6,405,9,152,16,0.34,7996.71,542.3467,NA,0.2889333,NA
SF18-CA-12_trimmed.sorted,SF18-Casties-12,2,Casties,France,France,43.1867694,1.9399972,0,3,180,78,20,3,0.25,6318.55,560.118,NA,0.3164,0.29
SF18-CA-13_trimmed.sorted,SF18-Casties-13,2,Casties,France,France,43.1867694,1.9399972,0,27,317,0,1,156,0.48,7059.67,548.4,574.9633,0.2942143,0.3512667
SF18-CA-14_trimmed.sorted,SF18-Casties-14,2,Casties,France,Estonia,43.1867694,1.9399972,0,8,188,0,115,43,0.23,6341.4,627.9833,591.2813,0.4286667,0.3955333
SF18-CA-17_trimmed.sorted,SF18-Casties-17,2,Casties,France,France,43.1867694,1.9399972,2,5,288,175,23,0,0.43,7153.93,558.5327,NA,0.3008667,NA
SF18-CA-18_trimmed.sorted,SF18-Casties-18,2,Casties,France,France,43.1867694,1.9399972,1,10,118,1,18,35,0.44,6491.48,562.8847,484.6257,0.2978667,
SF18-CA-4_trimmed.sorted,SF18-Casties-4,2,Casties,France,Estonia,43.1867694,1.9399972,57,23,59,NA,NA,NA,0.35,9117.61,555.3367,NA,0.3569333,NA
SF18-CA-5_trimmed.sorted,SF18-Casties-5,2,Casties,France,Estonia,43.1867694,1.9399972,0,66,255,17,154,4,0.58,7997.7,616.472,515.6,0.3917333,0.376
SF18-CA-6_trimmed.sorted,SF18-Casties-6,2,Casties,France,Estonia,43.1867694,1.9399972,0,85,289,0,123,72,0.31,8642.26,570.6647,0.365,0.3475333,0.365
SF18-CA-7_trimmed.sorted,SF18-Casties-7,2,Casties,France,Estonia,43.1867694,1.9399972,0,13,58,1,87,27,0.28,6202.48,613.226,557.7971,0.4299333,NA
SF18-MiO-12_trimmed.sorted,SF18-MirevalOst-12,3,Mireval East,France,Estonia,43.253584,1.961534,NA,NA,NA,NA,NA,NA,NA,NA,NA,NA,NA,NA
SF18-MiO-18_trimmed.sorted,SF18-MirevalOst-18,3,Mireval East,France,NA,43.253584,1.961534,NA,NA,NA,NA,NA,NA,NA,NA,NA,NA,NA,NA
SF18-MiO-27_trimmed.sorted,SF18-MirevalOst-27,3,Mireval East,France,Estonia,43.253584,1.961534,NA,NA,NA,NA,NA,NA,NA,NA,NA,NA,NA,NA
SF18-MiO-40_trimmed.sorted,SF18-MirevalOst-40,3,Mireval East,France,Estonia,43.253584,1.961534,NA,NA,NA,NA,NA,NA,NA,NA,NA,NA,NA,NA
SF18-MiO-5_trimmed.sorted,SF18-MirevalOst-5,3,Mireval East,France,NA,43.253584,1.961534,NA,NA,NA,NA,NA,NA,NA,NA,NA,NA,NA,NA
SF18-MiW-17_trimmed.sorted,SF18-MirevalWest-17,3,Mireval West,France,NA,43.252478,1.954607,NA,NA,NA,NA,NA,NA,NA,NA,NA,NA,NA,NA
SF18-MiW-23_trimmed.sorted,SF18-MirevalWest-23,3,Mireval West,France,NA,43.252478,1.954607,NA,NA,NA,NA,NA,NA,NA,NA,NA,NA,NA,NA
SF18-MiW-39_trimmed.sorted,SF18-MirevalWest-39,3,Mireval West,France,France,43.252478,1.954607,NA,NA,NA,NA,NA,NA,NA,NA,NA,NA,NA,NA
SF18-MiW-42_trimmed.sorted,SF18-MirevalWest-42,3,Mireval West,France,NA,43.252478,1.954607,NA,NA,NA,NA,NA,NA,NA,NA,NA,NA,NA,NA
SF18-MiW-8_trimmed.sorted,SF18-MirevalWest-8,3,Mireval West,France,Estonia,43.252478,1.954607,NA,NA,NA,NA,NA,NA,NA,NA,NA,NA,NA,NA
SF18-PE-12-photo_trimmed.sorted,SF18-Perry-12-Photo,4,Perry,France,Estonia,43.07072,2.2313194,18,38,93,NA,NA,NA,,0.53,592.756,592.756,NA,0.4168
SF18-PE-15-photo_trimmed.sorted,SF18-Perry-15-Photo,4,Perry,France,Estonia,43.07072,2.2313194,0,9,158,181,31,116,,0.59,587.081,587.0813,525.0033,0.3553333
SF18-PE-17-photo_trimmed.sorted,SF18-Perry-17-Photo,4,Perry,France,Estonia,43.07072,2.2313194,2,61,43,181,78,0,,0.53,616.451,616.4507,NA,0.3924667
SF18-PE-1-photo_trimmed.sorted,SF18-Perry-1-Photo,4,Perry,France,France,43.07072,2.2313194,89,8,325,181,0,5,,0.48,583.299,583.2993,570.8547,0.3308
SF18-PE-2-photo_trimmed.sorted,SF18-Perry-2-Photo,4,Perry,France,France,43.07072,2.2313194,0,3,294,182,20,7,,0.49,586.251,586.2507,NA,0.3596667
SF18-PE-3-photo_trimmed.sorted,SF18-Perry-3-Photo,4,Perry,France,Estonia,43.07072,2.2313194,123,5,0,NA,NA,NA,,0.27,NA,NA,NA,NA
SF18-PE-4-photo_trimmed.sorted,SF18-Perry-4-Photo,4,Perry,France,France,43.07072,2.2313194,0,0,148,NA,NA,NA,,0.31,554.862,554.862,NA,0.3210667
SF18-PE-6-photo_trimmed.sorted,SF18-Perry-6-Photo,4,Perry,France,France,43.07072,2.2313194,0,0,212,181,0,6,,0.43,536.573,536.5727,535.43,0.2864
SF18-PE-7-photo_trimmed.sorted,SF18-Perry-7-Photo,4,Perry,France,France,43.07072,2.2313194,1,0,245,NA,NA,NA,,0.42,583.09,583.09,NA,0.3356
SF18-PE-8-photo_trimmed.sorted,SF18-Perry-8-Photo,4,Perry,France,France,43.07072,2.2313194,5,1,143,NA,NA,NA,,0.14,551.105,551.1047,NA,0.286
